USE myschemaa;

CREATE TABLE Client (
  Client_ID INT PRIMARY KEY,
  First_Name VARCHAR(255),
  Last_Name VARCHAR(255),
  Address VARCHAR(255),
  Phone_Number VARCHAR(255),
  Email VARCHAR(255)
);

CREATE TABLE Product (
  Product_ID INT PRIMARY KEY,
  Product_Name VARCHAR(255),
  Product_Description TEXT,
  Price DECIMAL(10, 2),
  Quantity_in_Stock INT
);

CREATE TABLE Invoise (
  Invoise_ID INT PRIMARY KEY,
  Order_Date DATETIME,
  Order_Status VARCHAR(255),
  Client_ID INT,
  Manager_ID INT,
  FOREIGN KEY (Client_ID) REFERENCES Client(Client_ID)
);

CREATE TABLE Order_Details (
  OrderDetail_ID INT PRIMARY KEY,
  Invoise_ID INT,
  Product_ID INT,
  Quantity INT,
  Total_Price DECIMAL(10, 2),
  FOREIGN KEY (Invoise_ID) REFERENCES Invoise(Invoise_ID),
  FOREIGN KEY (Product_ID) REFERENCES Product(Product_ID)
);

CREATE TABLE Seller (
  Seller_ID INT PRIMARY KEY,
  Invoise_ID INT,
  Seller_Name VARCHAR(255),
  Seller_Address VARCHAR(255),
  FOREIGN KEY (Invoise_ID) REFERENCES Invoise(Invoise_ID)
);

CREATE TABLE Store (
  Store_ID INT PRIMARY KEY,
  Store_Capacity INT,
  Seller_ID INT,
  Store_Equipment TEXT,
  FOREIGN KEY (Seller_ID) REFERENCES Seller(Seller_ID)
);

INSERT INTO Client (Client_ID, First_Name, Last_Name, Address, Phone_Number, Email)
VALUES
  (1, 'Іван', 'Петров', 'Київ, вул. Головна, 123', '+380123456789', 'ivan@gmail.com'),
  (2, 'Марія', 'Іванова', 'Львів, вул. Перша, 456', '+380987654321', 'maria@gmail.com'),
  (3, 'Олександр', 'Сидоренко', 'Одеса, вул. Сонячна, 7', '+380632345678', 'olexandr@gmail.com'),
  (4, 'Наталія', 'Ковальчук', 'Київ, вул. Шевченка, 999', '+380730987654', 'nataliak@gmail.com'),
  (5, 'Дмитро', 'Грибенко', 'Харків, вул. Степана Бандери, 20', '+380981234567', 'dmytro@mail.com'),
  (6, 'Олег', 'Коваленко', 'Дніпро, вул. Петра Чайковського, 2', '+380932109876', 'oleg@mail.com'),
  (7, 'Сергій', 'Цвєтков', 'Київ, вул. Прилуківська, 14', '+380978902345', 'sergiy@yahoo.com'),
  (8, 'Марина', 'Білоус', 'Львів, вул. Дорошенка, 27', '+380956789012', 'marina@gmail.com'),
  (9, 'Вікторія', 'Сушко', 'Чернігів, вул. Київська, 45', '+380976534210', 'viktorias@hotmail.com'),
  (10, 'Олександра', 'Петренко', 'Київ, вул. Оболонська, 33', '+380633210987', 'olksandra@gmail.com'),
  (11, 'Ірина', 'Вербовська', 'Рівне, вул. Князя Острозького, 78', '+380632109876', 'irina@mail.com'),
  (12, 'Максим', 'Мороз', 'Львів, вул. Зелена, 39', '+380671234567', 'maksym@gmail.com'),
  (13, 'Андрій', 'Кравченко', 'Київ, вул. Вільямса, 115', '+380973210987', 'andriy@hotmail.com'),
  (14, 'Тетяна', 'Смірнова', 'Харків, вул. Пушкінська, 17', '+380936789012', 'tatiana@mail.com'),
  (15, 'Денис', 'Проценко', 'Київ, вул. Григорія Сковороди, 22', '+380953216789', 'denis@yahoo.com'),
  (16, 'Юлія', 'Яковенко', 'Миколаїв, вул. 9 Квітня, 57', '+380966534210', 'yuliya@gmail.com'),
  (17, 'Михайло', 'Соловйов', 'Київ, вул. Кирила і Мефодія, 5', '+380678902345', 'mihail@hotmail.com'),
  (18, 'Валерій', 'Ковальов', 'Донецьк, вул. Університетська, 42', '+380682109876', 'valeriy@mail.com'),
  (19, 'Оксана', 'Кравець', 'Київ, вул. Електрикарів, 12', '+380730987654', 'oksana@yahoo.com'),
  (20, 'Павло', 'Кузьменко', 'Запоріжжя, вул. Покровська, 36', '+380950987654', 'pavlo@gmail.com');

INSERT INTO Product (Product_ID, Product_Name, Product_Description, Price, Quantity_in_Stock)
VALUES
  (1, 'Ноутбук Dell XPS 13', 'Потужний ноутбук з великим дисплеєм', 1299.99, 10),
  (2, 'Смартфон iPhone 13', 'Остання модель iPhone', 999.99, 20),
  (3, 'Планшет Samsung Galaxy Tab S7', 'Планшет відомої корейської компанії', 649.99, 15),
  (4, 'Ноутбук Lenovo IdeaPad 5', 'Надійний ноутбук з високоякісним дисплеєм', 799.99, 12),
  (5, 'Смартфон Samsung Galaxy S21', 'Потужний смартфон корейської фірми', 899.99, 18),
  (6, 'Комп\'ютер HP EliteDesk 800 G6', 'Міні-ПК з гарною продуктивністю', 1099.99, 8),
  (7, 'Ноутбук Asus ZenBook 14', 'Легкий і потужний ноутбук з гарним дисплеєм', 899.99, 14),
  (8, 'Смартфон Xiaomi Mi 11', 'Недорогий і потужний смартфон', 599.99, 22),
  (9, 'Комп\'ютер Apple iMac 24', 'Новий імак з потужними характеристиками', 1499.99, 6),
  (10, 'Планшет Apple iPad 10.2', 'Недорогий і популярний планшет від Apple', 329.99, 25),
  (11, 'Ноутбук Acer Aspire 5', 'Надійний і не дуже дорогий ноутбук', 549.99, 20),
  (12, 'Смартфон Samsung Galaxy A52', 'Середнього класу смартфон з чудовою камерою', 449.99, 30),
  (13, 'Планшет Lenovo Tab M10 HD', 'Бюджетний планшет зі зручним інтерфейсом', 159.99, 10),
  (14, 'Ноутбук HP Envy 13', 'Ноутбук з потужним процесором і якісним дисплеєм', 999.99, 16),
  (15, 'Смартфон OnePlus 9', 'Незвичайний і потужний смартфон', 699.99, 13),
  (16, 'Комп\'ютер Dell OptiPlex 3080', 'Недорогий комп\'ютер для підприємств', 799.99, 9),
  (17, 'Ноутбук Microsoft Surface Laptop 4', 'Ноутбук з якісним дисплеєм і потужними характеристиками', 1299.99, 7),
  (18, 'Смартфон Google Pixel 5', 'Smartsphone з чистим Android і високоякісною камерою', 699.99, 11),
  (19, 'Планшет Huawei MatePad 11', 'Планшет з інноваційним дисплеєм і якісним звуком', 549.99, 8),
  (20, 'Ноутбук MSI Stealth 15M', 'Геймерський ноутбук з класною графікою і малими розмірами', 1499.99, 5);


INSERT INTO Invoise (Invoise_ID, Order_Date, Order_Status, Client_ID, Manager_ID)
VALUES
  (1, '2023-10-25 09:00:00', 'В обробці', 1, 3),
  (2, '2023-10-26 14:30:00', 'Завершено', 2, 4),
  (3, '2023-10-27 10:45:00', 'В обробці', 5, 2),
  (4, '2023-10-28 16:20:00', 'Відхилено', 3, 1),
  (5, '2023-10-29 11:10:00', 'Виконується', 7, 5),
  (6, '2023-11-01 13:15:00', 'В обробці', 12, 4),
  (7, '2023-11-03 09:50:00', 'Виконано', 10, 3),
  (8, '2023-11-05 17:30:00', 'В обробці', 18, 2),
  (9, '2023-11-06 12:40:00', 'Відхилено', 11, 1),
  (10, '2023-11-07 10:35:00', 'Виконано', 20, 5),
  (11, '2023-11-08 14:25:00', 'Відхилено', 15, 3),
  (12, '2023-11-09 16:15:00', 'Виконується', 8, 4),
  (13, '2023-11-11 09:55:00', 'Виконано', 9, 2),
  (14, '2023-11-12 11:50:00', 'В обробці', 17, 1),
  (15, '2023-11-13 15:45:00', 'Виконується', 4, 5),
  (16, '2023-11-14 12:30:00', 'Відхилено', 6, 3),
  (17, '2023-11-15 10:20:00', 'В обробці', 13, 4),
  (18, '2023-11-17 17:55:00', 'Виконано', 19, 2),
  (19, '2023-11-19 11:05:00', 'В обробці', 14, 1),
  (20, '2023-11-21 13:40:00', 'Виконується', 16, 5);
  
INSERT INTO Order_Details (OrderDetail_ID, Invoise_ID, Product_ID, Quantity, Total_Price)
VALUES
  (1, 1, 1, 2, 2599.98),
  (2, 1, 2, 3, 2999.97),
  (3, 2, 7, 1, 899.99),
  (4, 2, 8, 2, 1199.98),
  (5, 3, 3, 1, 649.99),
  (6, 3, 11, 1, 549.99),
  (7, 4, 6, 1, 1099.99),
  (8, 5, 12, 2, 899.98),
  (9, 5, 19, 1, 549.99),
  (10, 6, 9, 1, 1499.99),
  (11, 7, 4, 1, 899.99),
  (12, 7, 5, 2, 1799.98),
  (13, 8, 17, 1, 1299.99),
  (14, 8, 16, 1, 799.99),
  (15, 9, 10, 3, 989.97),
  (16, 10, 20, 2, 2999.98),
  (17, 12, 13, 1, 159.99),
  (18, 12, 15, 1, 699.99),
  (19, 13, 18, 1, 699.99),
  (20, 14, 14, 1, 999.99);

INSERT INTO Seller (Invoise_ID, Seller_ID, Seller_Name, Seller_Address)
VALUES
  (3, 1, 'Олександр', 'Київ, вул. Центральна, 456'),
  (4, 2, 'Юлія', 'Львів, вул. Перша, 789'),
  (1, 3, 'Віталій', 'Харків, вул. Гагаріна, 34'),
  (5, 4, 'Анатолій', 'Одеса, проспект Шевченка, 123'),
  (2, 5, 'Тетяна', 'Дніпро, проспект Соборний, 56'),
  (6, 6, 'Олена', 'Запоріжжя, вул. Тополева, 789'),
  (7, 7, 'Ігор', 'Рівне, вул. Степана Бандери, 34'),
  (8, 8, 'Марина', 'Хмельницький, вул. Перемоги, 123'),
  (9, 9, 'Владислав', 'Черкаси, вул. Шевченка, 56'),
  (10, 10, 'Дмитро', 'Івано-Франківськ, вул. Петра Кравчика, 789'),
  (11, 11, 'Світлана', 'Тернопіль, проспект Степана Бандери, 34'),
  (12, 12, 'Олексій', 'Чернівці, вул. Головна, 123'),
  (13, 13, 'Ірина', 'Луцьк, вул. Грушевського, 56'),
  (14, 14, 'Максим', 'Херсон, вул. Вузька, 789'),
  (15, 15, 'Ірина', 'Суми, проспект Шевченка, 34'),
  (16, 16, 'Анна', 'Миколаїв, вул. Перша, 123'),
  (17, 17, 'Юрій', 'Полтава, вул. Котовського, 56'),
  (18, 18, 'Марія', 'Житомир, вул. Героїв Небесної Сотні, 789'),
  (19, 19, 'Ігор', 'Вінниця, вул. Леніна, 34'),
  (20, 20, 'Людмила', 'Ужгород, вул. Собранецька, 123');

INSERT INTO Store (Store_ID, Store_Capacity, Seller_ID, Store_Equipment)
VALUES
  (1, 100, 3, 'Полиці, вітрини, касовий апарат'),
  (2, 150, 4, 'Вітрини, стійки для товарів, пристрої для обліку'),
  (3, 200, 2, 'Електронні ваги, штрих-код сканер, система відеоспостереження'),
  (4, 120, 1, 'Полички, лічильники для товарів, касовий апарат'),
  (5, 180, 5, 'Вітрини, система контролю за товаром, багатофункціональний касовий апарат'),
  (6, 130, 3, 'Конвеєри, стелажі для товарів, електронні книги обліку'),
  (7, 90, 4, 'Стійки для товарів, система порівняння цін, касовий апарат'),
  (8, 140, 2, 'Комп\'ютери з програмним забезпеченням, обладнання для маркування, касовий блок'),
  (9, 170, 1, 'Система контролю запасів, чекова друкарка, сканери товарів'),
  (10, 110, 5, 'Лічильники для відвідувачів, ємності для товарів, смарт-термінали для оплати'),
  (11, 190, 3, 'Системи передачі даних, пристрої для зменшення витрат енергії, екран на всю стіну'),
  (12, 125, 4, 'Автоматизована система зберігання даних, система автоматичного інвентаризації, багатофункціональний касовий апарат'),
  (13, 155, 2, 'Програмна система управління продажів, сканери для читання біометричних даних, сортувальні машини'),
  (14, 165, 1, 'Система контролю якості товарів, електронні екземпляри чеків, каси з функцією розпізнавання голосу'),
  (15, 145, 5, 'Система автоматичної фіксації попиту, мультимедійні екрани для презентацій, сканери QR-кодів'),
  (16, 135, 3, 'Система митного контролю, чекові принтери з підключенням до хмари, касові програми для збільшення продажів'),
  (17, 195, 4, 'Комунікаційні модулі, сенсорні екрани, автоматизована програма для оптимізації постачання'),
  (18, 105, 2, 'Автоматична система складання звітів, касові пристрої з можливістю бездротового підключення, сканери документів'),
  (19, 185, 1, 'Системи електронної підписування, штрихкод-сканери з можливістю митного обліку, сервери управління'),
  (20, 115, 5, 'Функція електронної черги, алгоритми для маркетингу, операційний блок з можливістю ремонту');

  